id,page_id,block_id,column_id,width
1,7,2,0,50.000000000000000000000000000000
2,7,2,1,50.000000000000000000000000000000
