id,page_id,block_id,column_id,width
1,10,3,0,100.000000000000000000000000000000
4,11,1,0,50.000000000000000000000000000000
5,11,1,1,50.000000000000000000000000000000
6,12,2,0,42.000000000000000000000000000000
7,12,2,1,50.000000000000000000000000000000
