id,page_id,block_id,column_id,width
3,7,4,0,50.000000000000000000000000000000
4,7,4,1,50.000000000000000000000000000000
